id,status_at_tip,in_bankfix1_ledger,figure_bound_now,file_line,phaseB_verdict,flags,confidence,correct_answer,detail,audit1_finding
BX-ABS-E-002,served,no,False,lazytopper/src/data/questionBanks/class10/science/acidsBasesSalts.expand.caseE.ts:35,now-fine,,high,,"""as shown by the test"" refers to the described colour test, not a figure; acidic/basic/neutral and plant indicators all correct | rec: none","figure-missing: stem says ""as shown""; no figure bound in data/figures/* (getFiguresForQuestion returns [])"
APQ-M-ARC-007,served,no,True,lazytopper/src/data/questionBanks/class10/maths/areas-related-to-circles.additionalPQ.ts:70,now-fine,,low,,"Figure now bound; O is a square vertex so radius OT=√2 is known, only angle unknown, arc PQ supplies it; step merely cites MS key | rec: none","broken (solver): Figure-dependent (unit square ROST in sector POQ) not described; if R,T lie on OP,OQ then angle=90 and r=sqrt2 so the given info alone suffices, contradicting key (c)"
CFPQ-S-CARB-019,served,no,False,lazytopper/src/data/questionBanks/class10/science/carbon-and-its-compounds.cfpq.ts:496,now-fine,,high,,"Step marks now ½+½+2=3; C2H5OH, CO2 by-product, C2H5OH+3O2→2CO2+3H2O balanced and correct | rec: none","step-marks-partial: 1/3 steps carry a [N mark] prefix || step-marks-sum: [N mark] prefixes sum to 2, marks=3"
CFPQ-S-CTRL-003,served,no,True,lazytopper/src/data/questionBanks/class10/science/control-and-coordination.cfpq.ts:94,now-fine,,medium,,Figure bound and X/Y/Z described (tip/stem/roots); removing auxin source means no growth/bending of Y; key (3) consistent | rec: none,"broken (solver): Stem relies on figure parts X, Y, Z; only X is described (auxin site), Y and Z are never identified, so options are not answerable from text."
SCO-S-CTRL-011,served,no,False,lazytopper/src/data/questionBanks/class10/science/control-and-coordination.chapterwise.ts:94,still-broken,needs-figure;wrong-steps,high,Hypothalamus,"figure_bound=false yet stem says ""given diagram...information labelled""; unanswerable text-only; steps unprefixed, ""sending the changes"" garbled | rec: fix","broken (solver): Stem says ""The given diagram shows ... human skin ... information labelled"" but no figure/labels are described; unanswerable without figure."
CFPQ-S-CTRL-005,served,no,True,lazytopper/src/data/questionBanks/class10/science/control-and-coordination.cfpq.ts:147,now-fine,,high,,"Step marks now ½+½+1=2; hormones / onset of menstruation / no genetic difference correct; typo ""if the butterfly"" | rec: none","step-marks-partial: 1/3 steps carry a [N mark] prefix || step-marks-sum: [N mark] prefixes sum to 1, marks=2"
SQP-S-2023-CTRL-B-001,served,no,False,lazytopper/src/data/questionBanks/class10/science/control-and-coordination.sp.ts:36,new-problem,wrong-steps,medium,,"Sum now 2, but forebrain+midbrain functions share one ½ while hindbrain alone gets ½; allocate functions evenly | rec: fix","step-marks-partial: 1/3 steps carry a [N mark] prefix || step-marks-sum: [N mark] prefixes sum to 1, marks=2"
ELEC-EXMPLR-11-MCQ-008,served,no,True,lazytopper/src/data/questionBanks/class10/science/electricity.exemplar.ts:76,now-fine,,high,,"Figure 12.4 now bound; Exemplar key (a) diagram (i), cells head-to-tail in same sense | rec: none",broken (solver): Stem refers to a figure (Fig 12.x) that is essential to choose the option and is not described in text
ELEC-EXMPLR-11-MCQ-011,served,no,True,lazytopper/src/data/questionBanks/class10/science/electricity.exemplar.ts:102,now-fine,,high,,"Figure 12.5 now bound; I-vs-V slope =1/R, Exemplar key (c) R3>R2>R1 | rec: none",broken (solver): Stem refers to a figure (Fig 12.x) that is essential to choose the option and is not described in text
ELEC-EXMPLR-11-SA-002,served,no,True,lazytopper/src/data/questionBanks/class10/science/electricity.exemplar.ts:178,now-fine,,high,,"Figure 12.7 bound; Imax=√(18/2)=3 A through A, 1.5 A each in B,C; steps sum 3 | rec: none","broken (solver): Stem says ""as shown in figure""/""Fig."" but the configuration needed to solve is not described in text (only in the answer)"
PYQ-S-2026-ELEC-011,served,no,True,lazytopper/src/data/questionBanks/class10/science/electricity.pyq2026.ts:83,new-problem,wrong-steps,medium,,"Figure bound; values check (15 Ω, 1/3 A, 60 kWh, ₹216) but OR steps split 3 marks to (A), 2 to (B); each alternative should total 5 | rec: fix","broken (solver): Needs the V-I graph and circuit figures (""shown in the diagram"", ""given circuit"") which are not provided; values (R=4 Ω, 15 Ω, 5 V) unrecoverable from stem"
PYQ-S-2026-ELEC-012,served,no,True,lazytopper/src/data/questionBanks/class10/science/electricity.pyq2026.ts:90,new-problem,wrong-steps,medium,,"Figure bound; answers correct (6/3/2 A, R unchanged, 5 A) but step 4 bundles A(i) end, A(ii), B(i); each OR alternative not 5 marks | rec: fix","broken (solver): Part (A)(ii) needs circuit ""given"" (12 V, 2/4/6 Ω) not stated in stem"
SQP-S-2023-ELEC-A-002,served,no,True,lazytopper/src/data/questionBanks/class10/science/electricity.sp.ts:36,now-fine,,medium,,"Figure bound showing wire shorting 6 Ω; effective resistance 4 Ω, key (a) correct | rec: none","broken (solver): Answer (4 Ω) depends on figure where 6 Ω is shorted by a wire; stem does not say so, so a student would answer 10 Ω"
CFPQ-S-LIFE-004,served,no,True,lazytopper/src/data/questionBanks/class10/science/life-processes.cfpq.ts:126,now-fine,,high,,"Nephron figure bound; Q glomerulus filtration, R tubule reabsorption, option 3 correct | rec: none","broken (solver): Needs nephron diagram with labels P/Q/R/S; not provided, so filtration/reabsorption sites cannot be identified."
CBE-S-LGHT-A-003,served,no,True,lazytopper/src/data/questionBanks/class10/science/light-reflection-and-refraction.cbe.ts:52,now-fine,,medium,,Figure bound (lens A convex); D is the correct statement; diagramDescription is thin but figure shown | rec: none,"broken (solver): Stem depends on ""Two lenses are shown"" which is not included/described; options cannot be resolved from text"
CFPQ-S-LGHT-006,served,no,True,lazytopper/src/data/questionBanks/class10/science/light-reflection-and-refraction.cfpq-sqp25.ts:69,now-fine,,high,,"Figure bound; Sun at infinity → parallel rays converge at F, Diagram 2 | rec: none",broken (solver): Answer depends on a four ray diagrams 1-4 that is not present/described in the stem or options; unanswerable as served text-only
FND-L-BD-01,served,no,True,lazytopper/src/data/questionBanks/class10/science/light-reflection-and-refraction.fnd.ts:1933,now-fine,,high,,Figure bound; object beyond C → image between C and F | rec: none,"broken (solver): Answer depends on a ray diagram (""The image shows..."", object position) that is not present/described in the stem or options; unanswerable as served text-only"
FND-L-QB-002,served,no,True,lazytopper/src/data/questionBanks/class10/science/light-reflection-and-refraction.fnd.ts:27,now-fine,,high,,Figure bound; parallel rays converge 12 cm on screen → concave mirror f=12 cm | rec: none,broken (solver): Stem depends on diagram of device X which is not included/described; options cannot be resolved from text
FND-L-QB-004,served,no,True,lazytopper/src/data/questionBanks/class10/science/light-reflection-and-refraction.fnd.ts:45,now-fine,,high,,Figure bound incl. option grids; 180° rotation of grid gives C (verified cell by cell) | rec: none,"broken (solver): Stem depends on object shape and options A-D which is not included/described; options cannot be resolved from text || empty-option: options [0, 1, 2, 3] are bare labels/empty (option content missing): ['A', 'B', 'C', 'D']"
FND-L-QB-025,served,no,True,lazytopper/src/data/questionBanks/class10/science/light-reflection-and-refraction.fnd.ts:167,now-fine,,high,,Figure bound; rays I (through O) and III (parallel→F) are correct construction rays | rec: none,broken (solver): Stem depends on rays I-IV which is not included/described; options cannot be resolved from text
FND-L-QB-029,served,no,True,lazytopper/src/data/questionBanks/class10/science/light-reflection-and-refraction.fnd.ts:193,now-fine,,high,,Figure bound; S has pins far apart and moderate incidence angle | rec: none,"broken (solver): Stem depends on set-ups P, Q, R, S which is not included/described; options cannot be resolved from text"
FND-L-QB-030,served,no,True,lazytopper/src/data/questionBanks/class10/science/light-reflection-and-refraction.fnd.ts:203,now-fine,,high,,Figure bound; parallel beam converges → convex lens | rec: none,broken (solver): Stem depends on box diagram which is not included/described; options cannot be resolved from text
FND-L-QB-042,served,no,True,lazytopper/src/data/questionBanks/class10/science/light-reflection-and-refraction.fnd.ts:277,now-fine,,high,,Figure bound; r between refracted ray and normal at entry → IV | rec: none,broken (solver): Stem depends on diagrams I-IV which is not included/described; options cannot be resolved from text
FND-L-QB-043,served,no,True,lazytopper/src/data/questionBanks/class10/science/light-reflection-and-refraction.fnd.ts:287,now-fine,,high,,Figure bound; parallel beam diverges → concave lens | rec: none,broken (solver): Stem depends on box figure which is not included/described; options cannot be resolved from text
FND-L-QB-057,served,no,True,lazytopper/src/data/questionBanks/class10/science/light-reflection-and-refraction.fnd.ts:353,now-fine,,high,,"Figure bound; i=2, e=1, r=4, lateral displacement=3 → 2,1,4,3 | rec: none",broken (solver): Stem depends on diagram with angles 1-4 which is not included/described; options cannot be resolved from text
FND-L-QB-086,served,no,True,lazytopper/src/data/questionBanks/class10/science/light-reflection-and-refraction.fnd.ts:531,now-fine,,high,,Figure bound; CD is perpendicular between emergent ray and extended incident ray | rec: none,broken (solver): Answer depends on a figure (labels AB/PQ/CD/PR) that is not present/described in the stem or options; unanswerable as served text-only
FND-L-QB-090,served,no,True,lazytopper/src/data/questionBanks/class10/science/light-reflection-and-refraction.fnd.ts:557,now-fine,,high,,Figure bound; rays pass through X and converge 40 cm beyond → convex lens f=40 cm | rec: none,"broken (solver): Answer depends on a figure (device X, rays through vs reflected) that is not present/described in the stem or options; unanswerable as served text-only; without it concave mirror f=40 cm is equally valid"
FND-L-QB-093,served,no,True,lazytopper/src/data/questionBanks/class10/science/light-reflection-and-refraction.fnd.ts:583,now-fine,,high,,Figure bound; real image rotated 180° → Shape (A) | rec: none,broken (solver): Answer depends on a flag shape and Shapes (A)-(D) that is not present/described in the stem or options; unanswerable as served text-only
FND-L-QB-098,served,no,True,lazytopper/src/data/questionBanks/class10/science/light-reflection-and-refraction.fnd.ts:609,new-problem,wrong-steps,low,,"Figure now bound (old finding gone), but diagramDescription says IV has moderate angle with far pins; step justifies II by 'largest angle'; ideal is 30-60 deg. Verify figure | rec: fix",broken (solver): Answer depends on a set-ups I-IV that is not present/described in the stem or options; unanswerable as served text-only
FND-L-QB-106,served,no,True,lazytopper/src/data/questionBanks/class10/science/light-reflection-and-refraction.fnd.ts:647,now-fine,,high,,"Figure bound; i=1, e=3, r=2, displacement=4 gives '1, 3, 2, 4' as keyed | rec: none",broken (solver): Answer depends on a labelled trace 1-4 that is not present/described in the stem or options; unanswerable as served text-only
FND-L-QB-107,served,no,True,lazytopper/src/data/questionBanks/class10/science/light-reflection-and-refraction.fnd.ts:655,now-fine,,medium,,Figure bound; only i and e drawn from normal per figure; key 'i and e' consistent | rec: none,broken (solver): Answer depends on a marked angles diagram that is not present/described in the stem or options; unanswerable as served text-only
FND-L-QB-157,served,no,True,lazytopper/src/data/questionBanks/class10/science/light-reflection-and-refraction.fnd.ts:855,now-fine,,high,,"Figure bound; transmitted converging = convex lens f 20 cm, reflected converging = concave mirror f 25 cm; option D keyed | rec: none",broken (solver): Answer depends on a ray diagrams of devices X and Y that is not present/described in the stem or options; unanswerable as served text-only
FND-L-QB-160,served,no,True,lazytopper/src/data/questionBanks/class10/science/light-reflection-and-refraction.fnd.ts:2026,now-fine,,medium,,Figure bound; only A and i correctly marked; key matches | rec: none,broken (solver): Answer depends on a prism diagram with marked angles that is not present/described in the stem or options; unanswerable as served text-only
FND-L-QB-171,served,no,True,lazytopper/src/data/questionBanks/class10/science/light-reflection-and-refraction.fnd.ts:2034,now-fine,,medium,,Figure bound; only i and e correctly marked; key matches | rec: none,broken (solver): Answer depends on a prism diagram with marked angles that is not present/described in the stem or options; unanswerable as served text-only
LIGHT-EXMPLR-9-MCQ-014,served,no,True,lazytopper/src/data/questionBanks/class10/science/light.exemplar.ts:118,now-fine,,medium,,"Figure 10.5 now bound; Exemplar key (b) B: emergent ray parallel to incident, laterally shifted | rec: none","broken (solver): Stem depends on Figure 10.5 (paths A-D) which is not included/described; options cannot be resolved from text || empty-option: options [0, 1, 2, 3] are bare labels/empty (option content missing): ['A', 'B', 'C', 'D']"
LIGHT-EXMPLR-9-MCQ-016,served,no,True,lazytopper/src/data/questionBanks/class10/science/light.exemplar.ts:135,now-fine,,medium,,Figure 10.6 now bound; Exemplar key (d) matches stored Fig. D | rec: none,broken (solver): Stem depends on Figure 10.6 (Figs A-D) which is not included/described; options cannot be resolved from text
LIGHT-EXMPLR-9-MCQ-017,served,no,True,lazytopper/src/data/questionBanks/class10/science/light.exemplar.ts:145,now-fine,,medium,,Figure 10.7 now bound; Exemplar key (a) matches stored Fig. A | rec: none,broken (solver): Stem depends on Fig. 10.7 (Figs A-D) which is not included/described; options cannot be resolved from text
SQP-S-2025-LGHT-038,served,no,True,lazytopper/src/data/questionBanks/class10/science/light-reflection-and-refraction.cfpq-sqp25.ts:225,now-fine,,high,,"Subparts A-D present (official SQP labelling). Convex; real inverted; u=-300 mm; OR v=37.5, f=30 mm all verified | rec: none",case-missing-subparts: case/Section-E row with no (i)/(ii)/(iii) sub-questions in stem
FND-L-QB-120,served,no,False,lazytopper/src/data/questionBanks/class10/science/light-reflection-and-refraction.fnd.ts:699,now-fine,,high,,Stem defines A-D positions; 42.7+15=57.7 cm = C | rec: none,"empty-option: options [0, 1, 2, 3] are bare labels/empty (option content missing): ['A', 'B', 'C', 'D']"
FND-L-SPM-037,served,no,False,lazytopper/src/data/questionBanks/class10/science/light-reflection-and-refraction.fnd.ts:1364,now-fine,,high,,Stem defines media A-D; least n=1.31 gives max speed in A | rec: none,"empty-option: options [0, 1, 2, 3] are bare labels/empty (option content missing): ['A', 'B', 'C', 'D']"
CFPQ-S-LGHT-012,served,no,False,lazytopper/src/data/questionBanks/class10/science/light-reflection-and-refraction.cfpq-sqp25.ts:110,now-fine,,high,,"Marks now 1/2+1+1/2+1=3; v=+1 m, 1/f=1-1/2, f=+2 m verified | rec: none","step-marks-partial: 2/4 steps carry a [N mark] prefix || step-marks-sum: [N mark] prefixes sum to 2, marks=3"
CFPQ-S-LGHT-013,served,no,False,lazytopper/src/data/questionBanks/class10/science/light-reflection-and-refraction.cfpq-sqp25.ts:123,now-fine,,high,,"Marks now sum 3; f=17 mm; 1/f=1/17+1/200, f=15.7 mm; image behind retina verified | rec: none","step-marks-partial: 2/4 steps carry a [N mark] prefix || step-marks-sum: [N mark] prefixes sum to 2, marks=3"
CFPQ-S-LGHT-014,served,no,True,lazytopper/src/data/questionBanks/class10/science/light-reflection-and-refraction.cfpq-sqp25.ts:136,now-fine,,high,,"Marks now 1+2+1+1/2+1/2=5; v=7.5 (h -3), v=4.5 (h -1); length sqrt13=3.6 cm verified | rec: none","step-marks-partial: 3/5 steps carry a [N mark] prefix || step-marks-sum: [N mark] prefixes sum to 4, marks=5"
CFPQ-S-LGHT-018,served,no,True,lazytopper/src/data/questionBanks/class10/science/light-reflection-and-refraction.cfpq-sqp25.ts:179,now-fine,,medium,,"Marks now 1+1/2+1/2=2; same r, smallest i means smallest n, so v X > Y > Z (assumes figure maps i1 to X) | rec: none","step-marks-partial: 1/3 steps carry a [N mark] prefix || step-marks-sum: [N mark] prefixes sum to 1, marks=2"
FND-L-SPQ-010,served,no,False,lazytopper/src/data/questionBanks/class10/science/light-reflection-and-refraction.fnd.ts:1500,now-fine,,high,,"Marks now sum 3; convex (erect, wide view), concave (erect magnified within f) | rec: none","step-marks-partial: 2/4 steps carry a [N mark] prefix || step-marks-sum: [N mark] prefixes sum to 2, marks=3"
FND-L-SPQ-016,served,no,False,lazytopper/src/data/questionBanks/class10/science/light-reflection-and-refraction.fnd.ts:1566,now-fine,,high,,"Marks now sum 3; same content as SPQ-010, correct | rec: none","step-marks-partial: 2/4 steps carry a [N mark] prefix || step-marks-sum: [N mark] prefixes sum to 2, marks=3"
SQP-S-2025-LGHT-033,served,no,True,lazytopper/src/data/questionBanks/class10/science/light-reflection-and-refraction.cfpq-sqp25.ts:211,now-fine,,high,,"Marks now 1/2+1/2+1=2; 1/f=-1/10+1/20=-1/20, f=-20 cm, concave lens, virtual verified | rec: none","step-marks-partial: 1/3 steps carry a [N mark] prefix || step-marks-sum: [N mark] prefixes sum to 1, marks=2"
MAG-EXMPLR-12-MCQ-003,served,no,False,lazytopper/src/data/questionBanks/class10/science/magneticEffects.exemplar.ts:33,now-fine,,high,,"Options A/B are meaningful answers (faces), not empty; anticlockwise seen from A means N-pole at A; Exemplar key (a) | rec: none","empty-option: options [0, 1] are bare labels/empty (option content missing): ['A', 'B', 'A if the current is small, and B if the current is large', 'B if the current is small and A if the current is large']"
CFPQ-M-POLY-001,served,no,True,lazytopper/src/data/questionBanks/class10/maths/polynomials.cfpq.ts:192,now-fine,,high,,"Figure bound; same roots ±2, h has lower vertex so larger leading coeff; g(3)=5a < h(3)=5b=k | rec: none",broken (solver): 'Shown below are the parts of graphs' -- graphs not provided/described; unanswerable
CFPQ-M-POLY-002,served,no,True,lazytopper/src/data/questionBanks/class10/maths/polynomials.cfpq.ts:216,now-fine,,medium,,"Figure bound; only x=-2 zero visible, so (x+2); key 'only ii)' matches; relies on figure hiding second zero | rec: none",broken (solver): 'Shown below is a part of the graph' -- graph not provided/described
CFPQ-M-POLY-009,served,no,True,lazytopper/src/data/questionBanks/class10/maths/polynomials.cfpq.ts:360,now-fine,,high,,"Figure bound; k=-30, f=2(x-5)(x+3), zeros -3,5; axis x=1; min f(1)=-32; marks sum 5 | rec: none",broken (solver): Part (ii) refers to 'Shown below is the graph of f(x)' which is not provided (answerable algebraically)
CBE-M-RN-B-004,served,no,False,lazytopper/src/data/questionBanks/class10/maths/real-numbers.cbe.ts:194,now-fine,,high,,"Marks now 1+1/2+1/2=2; LCM(48,72,108)=432 s=7 min 12 s; 9:27:12 verified | rec: none","step-marks-partial: 1/3 steps carry a [N mark] prefix || step-marks-sum: [N mark] prefixes sum to 1, marks=2"
CBE-M-TRI-A-001,served,no,True,lazytopper/src/data/questionBanks/class10/maths/triangles.cbe.ts:17,now-fine,,high,,"Figure now bound with TP=3, RT=2, QS=3; BPT SP=3x3/2=4.5 cm = D | rec: none","broken (solver): Stem says 'In the figure, ST is parallel to QR. What is the length of SP?' but gives no lengths; the values TP=3, RT=2, QS=3 used in the explanation are not in the stem."
APQ-M-TRIG-011,served,no,True,lazytopper/src/data/questionBanks/class10/maths/trigonometry.additionalPQ.ts:108,now-fine,,low,,"Figure now bound (no description to verify); key c/b per MS; single step 'Per MS' is thin, no mark tag | rec: none","broken (solver): Stem relies on a figure (parallel lines AB, PQ, lengths a,b,c,x,y) that is not described; unsolvable as served"
SQP-M-TRIG-006,served,no,False,lazytopper/src/data/questionBanks/class10/maths/trigonometry.sqp.ts:127,now-fine,,high,,Part (iii) now complete; 80 m; 80(√3-1) OR 80(1-1/√3); 10(√3+1) m/s=600(√3+1) m/min verified. Steps lack [N mark] tags | rec: none,"broken (solver): Part (iii) text truncated: ""...if it had flown 20(√3"""
