id,file_line,surface,origin,problem,verified_by_phaseD,action,correct_answer,why
2026-PLE-SA-03,lazytopper/src/data/predictedQuestions.ts:166,predicted,LT-authored (predicted),wrong-key (high),yes,fix-key,"x = 23/7, y = 13/7","Key x=3,y=2 fails 3x−y=8 (gives 7). Substitution: 7y=13 ⇒ y=13/7, x=23/7."
2026-AP-SA-02,lazytopper/src/data/predictedQuestions.ts:348,predicted,LT-authored (predicted),wrong-key (high),yes,fix-key,No integer n exists (S9=153; S10=185),"Sₙ=n(3n+7)/2=155 gives 3n²+7n−310=0, D=3769 not a perfect square; key '10 terms' gives 185."
2026-PLE-CASE-06,lazytopper/src/data/predictedQuestions.ts:794,predicted,LT-authored (predicted),wrong-key (high),yes,fix-key,"x = 100 samosas, y = 20 idlis","Key x=60,y=60 gives ₹900 not ₹1020; stored steps themselves correctly reach x=100, y=20."
2026-QE-CASE-12,lazytopper/src/data/predictedQuestions.ts:1767,predicted,LT-authored (predicted),wrong-key (high),yes,fix-key,4x²−140x+476=0; x≈3.82 m,"x=(35−√749)/2=3.8160, which rounds to 3.82, not stored '3.81'."
2026-SAV-CASE-09,lazytopper/src/data/predictedQuestions.ts:2586,predicted,LT-authored (predicted),wrong-key (high),yes,fix-key,"≈ ₹13,000 (π=3.14) or ₹13,011 (π=22/7)","34.5π × 120 = ₹12,999.6 at π=3.14; ₹13,020 matches no value of π. Stem gives no π, and the last step never computes the cost."
2026-EL-CASE-06,lazytopper/src/data/predictedQuestionsScience.ts:1554,predicted,LT-authored (predicted),wrong-key (medium),n/a (medium; not in D sample),fix-key,,"Key correct, but stored_finalAnswer is truncated mid-(iii) at ""prevent"" and omits (iv)."
2026-MG-CS-01,lazytopper/src/data/predictedQuestionsScience.ts:1831,predicted,LT-authored (predicted),wrong-key (high),yes,fix-key,,"stored_key right, but finalAnswer and steps describe electric bell mechanism; never answer why electromagnets preferred or safety precautions."
2026-AB-SA-06,lazytopper/src/data/predictedQuestionsScience.ts:2053,predicted,LT-authored (predicted),wrong-key (medium),n/a (medium; not in D sample),fix-key,,"Premise flawed: strong acid diluted to pH≈7 has negligible H+; key claim ""corrosive species still present"" is chemically incorrect."
2026-AB-CS-02,lazytopper/src/data/predictedQuestionsScience.ts:2077,predicted,LT-authored (predicted),wrong-key (high),yes,fix-key,,"finalAnswer says ""Question text is missing""; steps cover common salt and bleaching powder, omit POP formula/use and part (c)."
2026-MN-CS-02,lazytopper/src/data/predictedQuestionsScience.ts:2134,predicted,LT-authored (predicted),wrong-key (high),yes,fix-key,,"finalAnswer says ""Question text is missing""; steps generic and list painting though stem says other than painting."
2026-CCN-CS-02,lazytopper/src/data/predictedQuestionsScience.ts:2249,predicted,LT-authored (predicted),wrong-key (high),yes,fix-key,,"finalAnswer/steps answer a different question (phototropism, growth hormone, goitre); not two plant hormones, long-term changes or careful use."
qe-hpq-104,lazytopper/src/data/highlyProbableQuestions.ts:245,hpq,LT-authored (HPQ),wrong-key (medium),n/a (medium; not in D sample),fix-key,"9 and 11, or -11 and -9","Stem does not say positive; -11 and -9 also satisfy product 99, step arbitrarily discards them."
lp-hpq-105,lazytopper/src/data/highlyProbableQuestions.ts:1015,hpq,LT-authored (HPQ),wrong-key (high),yes,fix-key,(c) Light is necessary for photosynthesis (starch formation),"Key (c) says ""Chlorophyll and light are necessary""; black-paper experiment tests only light. Steps correctly say light."
SCQ-S-CARB-038,lazytopper/src/data/questionBanks/class10/science/carbon-and-its-compounds.chapterwise.ts:278,bank,official / published (extracted),wrong-key (high),yes,re-key (keep official stem; take key from the source marking scheme / the correct stored steps),"5 isomers (n-hexane, 2-/3-methylpentane, 2,2-/2,3-dimethylbutane)","stored_key is garbled extraction text: ""i. ii. Chap 4 : Carbon and Its Compounds iii. iv. v. Check Anser"". Steps are correct."
PYQ-S-2026-CHEMRXN-008,lazytopper/src/data/questionBanks/class10/science/chemicalReactions.pyq2026.ts:69,bank,official / published (extracted),wrong-key (medium),n/a (medium; not in D sample),re-key (keep official stem; take key from the source marking scheme / the correct stored steps),"(a) law of conservation of mass; (b) oxidising O2, reducing Na",Key/finalAnswer contain only part (b); part (a) missing from key (present in steps).
PYQ-S-2026-CTRL-009,lazytopper/src/data/questionBanks/class10/science/controlCoordination.pyq2026.ts:76,bank,official / published (extracted),wrong-key (medium),n/a (medium; not in D sample),re-key (keep official stem; take key from the source marking scheme / the correct stored steps),Hormones: chemical messengers from endocrine glands; insulin regulates blood sugar; adrenaline prepares body for emergency,Key/finalAnswer contain only part (ii); definition and insulin function missing from key.
CNC2-020,lazytopper/src/data/questionBanks/class10/science/controlAndCoordination.pack2.ts:547,bank,LT-authored (bank pack),wrong-key (medium),n/a (medium; not in D sample),fix-key,(i) gibberellins promote cell elongation/fruit enlargement; (iii) abscisic acid (growth inhibitor) or cytokinins,"Key says gibberellins ""promote cell division"" (that is cytokinin); ethylene for height control not NCERT; only 3 parts for 4 marks."
CNC2-048,lazytopper/src/data/questionBanks/class10/science/controlAndCoordination.pack2.ts:1340,bank,LT-authored (bank pack),wrong-key (medium),n/a (medium; not in D sample),fix-key,,"Key says ""Pancreas detects high blood glucose (via sensor neurons)"" — pancreas senses glucose directly; steps are instructions incl. ""Use diagrams if helpful""."
CBE-M-SAV-B-002,lazytopper/src/data/questionBanks/class10/maths/surface-areas-and-volumes.cbe.ts:111,bank,official / published (extracted),wrong-key (high),yes,re-key (keep official stem; take key from the source marking scheme / the correct stored steps),4.17 m (416.67 cm),"3000000/7200=416.67 cm=4.1667 m; key truncates to ""4.16 m"" instead of rounding to 4.17 m."
PYQ-S-2025-CTRL-003,lazytopper/src/data/questionBanks/class10/science/controlCoordination.pyq2025.ts:27,bank,official / published (extracted),wrong-key (high),yes,re-key (keep official stem; take key from the source marking scheme / the correct stored steps),"(a) electrical-chemical signals cell to cell; (b) cells change water content, so their shape changes; (c) touch-me-not: nastic, growth-independent, non-directional; tendril: thigmotropic, growth-dependent, directional",Key is a scrap: 'It is also called as tropic movement (any other)'. Steps are a garbled table with no marks.
SCQ-S-HERED-022,lazytopper/src/data/questionBanks/class10/science/heredity.chapterwise.ts:183,bank,official / published (extracted),wrong-key (high),yes,re-key (keep official stem; take key from the source marking scheme / the correct stored steps),The dwarf (recessive) trait was present in F1 but not expressed. Traits are passed on unchanged and tall is dominant over dwarf.,"Key answers a different question (dihybrid independent assortment), not why dwarf reappears in a monohybrid F2."
SCQ-S-HERED-039,lazytopper/src/data/questionBanks/class10/science/heredity.chapterwise.ts:286,bank,official / published (extracted),wrong-key (medium),n/a (medium; not in D sample),re-key (keep official stem; take key from the source marking scheme / the correct stored steps),"Dihybrid RRYY × rryy gives F1 RrYy and F2 9:3:3:1 with new combinations, so traits are inherited independently.",Stored key is cut off mid-word ('...wrinkled seed char') and has a '[All India 2016]' prefix. Steps are fine.
SCQ-S-MAG-044,lazytopper/src/data/questionBanks/class10/science/magnetic-effects-of-electric-current.chapterwise.ts:318,bank,official / published (extracted),wrong-key (high),yes,re-key (keep official stem; take key from the source marking scheme / the correct stored steps),,"stored_key garbled/truncated: ""Chap 13 : Magnetice Effect... Given Power . P 1 5""; steps correct (I≈6.8 A > 5 A)."
PYQ-S-2026-ENV-009,lazytopper/src/data/questionBanks/class10/science/ourEnvironment.pyq2026.ts:75,bank,official / published (extracted),wrong-key (high),yes,re-key (keep official stem; take key from the source marking scheme / the correct stored steps),(i) composting (ii) recycle (iii) recycle/reuse (iv) incineration,"Key starts mid-answer ""recycle/reuse (iii)..."", omits (i),(ii); steps unallocated and garbled."
CBE-M-ARC-B-001,lazytopper/src/data/questionBanks/class10/maths/areas-related-to-circles.cbe.ts:113,bank,official / published (extracted),wrong-key (high),yes,re-key (keep official stem; take key from the source marking scheme / the correct stored steps),Rs. 17600,"2πr = 352 m; 352 × 50 = 17600, not ""Rs. 8800"""
PYQ-S-2026-CHEMRXN-019,lazytopper/src/data/questionBanks/class10/science/chemicalReactions.pyq2026.ts:146,bank,official / published (extracted),wrong-key (high),yes,withhold,,"garbled multi-part item, wrong chapter, needs diagrams; key covers only (B)(c)"
PYQ-S-2025-REPR-008,lazytopper/src/data/questionBanks/class10/science/howOrganismsReproduce.pyq2025.ts:65,bank,official / published (extracted),wrong-key (high),yes,re-key (keep official stem; take key from the source marking scheme / the correct stored steps),"(a) X stigma, Y anther; pollen grains; pollination; fertilisation → zygote/embryo, ovule → seed; OR (b) binary fission, Leishmania, budding",Key is marking-scheme debris '(Award marks if explained through labelled diagram)... 2 ½ ½ 1+1'; step truncated 'Male germ cell fuses with the ½+'.
PYQ-S-2025-MAG-006,lazytopper/src/data/questionBanks/class10/science/magneticEffects.pyq2025.ts:51,bank,official / published (extracted),wrong-key (high),yes,withhold,"Fleming's left-hand rule; maximum when the charge moves perpendicular to B, minimum (zero) when parallel to B",needs three diagrams that are not bound; key has heart-circulation debris
CNC2-047,lazytopper/src/data/questionBanks/class10/science/controlAndCoordination.pack2.ts:1313,bank,LT-authored (bank pack),wrong-key (medium),n/a (medium; not in D sample),fix-key,Blink reflex arc passes through brainstem not spinal cord,"Key's arc ""Receptor (eye)→…→Spinal cord→…eyelid"" is wrong for blinking; steps are vague rubric lines, ""Refer to the labelled diagram"" with none shown."
SCQ-S-LIFE-041,lazytopper/src/data/questionBanks/class10/science/life-processes.chapterwise.ts:316,bank,official / published (extracted),wrong-key (high),yes,re-key (keep official stem; take key from the source marking scheme / the correct stored steps),"Aerobic: O2 present, cytoplasm+mitochondria, CO2+H2O, more energy; anaerobic: no O2, cytoplasm, ethanol+CO2/lactic acid, less energy; yeast, some bacteria","stored_key is a scraped header fragment '[All India 2008] Chap 6 : Life Process Aerobic respiration Anaerobic respiration', not an answer; steps are correct."
PYQ-S-2026-CHEMRXN-011,lazytopper/src/data/questionBanks/class10/science/chemicalReactions.pyq2026.ts:90,bank,official / published (extracted),wrong-key (medium),n/a (medium; not in D sample),re-key (keep official stem; take key from the source marking scheme / the correct stored steps),(a) Ca(OH)2 + Cl2 → CaOCl2 + H2O; (b) NaCl + H2O + CO2 + NH3 → NH4Cl + NaHCO3,"Stored key gives only baking soda equation; omits bleaching powder (a). Steps correct. Content is acids-bases-salts, not this chapter."
PYQ-S-2026-CHEMRXN-014,lazytopper/src/data/questionBanks/class10/science/chemicalReactions.pyq2026.ts:111,bank,official / published (extracted),wrong-key (medium),n/a (medium; not in D sample),re-key (keep official stem; take key from the source marking scheme / the correct stored steps),Thermal decomposition; 2FeSO4 → Fe2O3 + SO2 + SO3; endothermic,Key 'Endothermic reaction' answers only third part; omits reaction type and equation. Steps correct.
SCQ-S-CTRL-029,lazytopper/src/data/questionBanks/class10/science/control-and-coordination.chapterwise.ts:226,bank,official / published (extracted),wrong-key (high),yes,withhold,"Plants respond slowly via growth/chemical hormones, no nervous system; animals respond quickly via nervous system and hormones, with movement",key+steps are only the table header; recover from source PDF or withhold
SCQ-S-CTRL-037,lazytopper/src/data/questionBanks/class10/science/control-and-coordination.chapterwise.ts:275,bank,official / published (extracted),wrong-key (high),yes,withhold,"Auxin made at shoot tip diffuses to shaded side, elongates cells so shoot bends to light; in roots auxin inhibits growth (geotropism)",stored key+steps belong to another question; recover from source PDF or withhold
SCQ-S-CTRL-040,lazytopper/src/data/questionBanks/class10/science/control-and-coordination.chapterwise.ts:299,bank,official / published (extracted),wrong-key (medium),n/a (medium; not in D sample),re-key (keep official stem; take key from the source marking scheme / the correct stored steps),,"Stored key truncated mid-sentence ('They also pr'), missing abscisic acid and ethylene; steps are correct."
SCO-S-CTRL-011,lazytopper/src/data/questionBanks/class10/science/control-and-coordination.chapterwise.ts:94,bank,official / published (extracted),needs-figure,n/a,withhold (or bind the official figure),,stem needs a labelled diagram; no figure bound
APQ-S-EYE-002,lazytopper/src/data/questionBanks/class10/science/human-eye-and-colourful-world.additionalPQ.ts:24,bank,official / published (extracted),needs-figure,n/a,withhold (or bind the official figure),,stem needs the prism diagram; no figure bound
