id,phase,surface,chapter,file_line,flags,confidence,correct_answer,detail
2026-PLE-SA-02b,C1,predicted,Pair of Linear Equations,lazytopper/src/data/predictedQuestions.ts:141,wrong-steps,medium,,"Numbers 20, 50 correct, but stem demands elimination while steps use substitution (express x and substitute)."
2026-CG-SA-02,C1,predicted,Coordinate Geometry,lazytopper/src/data/predictedQuestions.ts:401,wrong-steps,medium,,(4; 1) correct but final restatement line gets [1] of 2 marks while formula+working get only ½ each.
2026-CIRC-SA-01b,C1,predicted,Circles,lazytopper/src/data/predictedQuestions.ts:532,wrong-steps,medium,,Proof steps vague; bare conclusion 'OP ⟂ tangent' gets [1] of 2 while the shortest-distance argument gets only ½.
2026-ARC-SA-01b,C1,predicted,Areas Related to Circles,lazytopper/src/data/predictedQuestions.ts:561,wrong-steps,medium,,(1/3)×154=51.33 cm² correct but 'Round if required' gets [1] of 3 marks; no actual computation shown.
2026-PROB-SA-02,C1,predicted,Probability,lazytopper/src/data/predictedQuestions.ts:693,wrong-steps,medium,,5/8 correct but alternative-method line 'Or use 1 − P(blue)' gets [1] while actual answer gets ½.
2026-POLY-AR-03,C1,predicted,Polynomials,lazytopper/src/data/predictedQuestions.ts:744,wrong-steps,high,,Key correct but step marks ½+½+1 = 2 for a 1-mark question.
2026-PLE-AR-05,C1,predicted,Pair of Linear Equations,lazytopper/src/data/predictedQuestions.ts:770,wrong-steps,high,,Key correct but step marks ½+½+1 = 2 for a 1-mark question.
2026-AP-AR-03,C1,predicted,Arithmetic Progression,lazytopper/src/data/predictedQuestions.ts:868,wrong-steps,high,,Key correct (d=2) but step marks ½+½+1 = 2 for a 1-mark question.
2026-CIRC-AR-03,C1,predicted,Circles,lazytopper/src/data/predictedQuestions.ts:943,wrong-steps,medium,,Key (a) correct; step marks ½+½+1 sum to 2 for a 1-mark item.
2026-STAT-AR-03,C1,predicted,Statistics,lazytopper/src/data/predictedQuestions.ts:1019,wrong-steps,medium,,Key (b) correct; step marks ½+½+1 sum to 2 for a 1-mark item.
2026-POLY-AR-03X,C1,predicted,Polynomials,lazytopper/src/data/predictedQuestions.ts:1220,wrong-steps,medium,,Key (a) correct; step marks ½+½+1 sum to 2 for a 1-mark item.
2026-PLE-AR-05X,C1,predicted,Pair of Linear Equations,lazytopper/src/data/predictedQuestions.ts:1246,wrong-steps,medium,,Key (a) correct; step marks ½+½+1 sum to 2 for a 1-mark item.
2026-PLE-CASE-06X,C1,predicted,Pair of Linear Equations,lazytopper/src/data/predictedQuestions.ts:1270,ambiguous-stem,medium,,"'Start from the same point' contradicts d₂=25t+15 (bike 15 km ahead at t=0); answers t=1 h, 1.5 h correct."
2026-AP-AR-03X,C1,predicted,Arithmetic Progression,lazytopper/src/data/predictedQuestions.ts:1321,wrong-steps,medium,,Key (a) correct; step marks ½+½+1 sum to 2 for a 1-mark item.
2026-TRI-AR-03,C1,predicted,Triangles,lazytopper/src/data/predictedQuestions.ts:1371,wrong-steps,medium,,Key (a) acceptable; step marks ½+½+1 sum to 2 for a 1-mark item.
2026-TRIG-AR-06,C1,predicted,Trigonometry,lazytopper/src/data/predictedQuestions.ts:1399,wrong-steps,medium,,Key (a) correct; step marks ½+½+1 sum to 2 for a 1-mark item.
2026-SAV-CASE-05,C1,predicted,Surface Areas and Volumes,lazytopper/src/data/predictedQuestions.ts:1451,wrong-steps,medium,,"Values 13.5, 220, 77, 474.83 correct; parts (ii)+(iii) share one [1] while final addition alone gets [1]."
2026-PLE-SA-10,C1,predicted,Pair of Linear Equations,lazytopper/src/data/predictedQuestions.ts:1601,wrong-steps,medium,,"Key x=2,y=3 correct; steps 'Simplify and solve for x' show no working or values (−x+14=12)."
2026-STAT-SA-10,C1,predicted,Statistics,lazytopper/src/data/predictedQuestions.ts:2023,wrong-steps,high,,"Key 22.86 is correct (25 − 60/28), but the last step is broken LaTeX (\\\\bar{x}) and never computes the mean."
2026-PROB-SA-12,C1,predicted,Probability,lazytopper/src/data/predictedQuestions.ts:2163,wrong-steps,medium,,"Key 1/2, 3/4, 3/4 is correct, but the steps are generic templates that never list outcomes, counts (2, 3, 3) or answers."
2026-AP-SA-07,C1,predicted,Arithmetic Progression,lazytopper/src/data/predictedQuestions.ts:2308,wrong-steps,medium,,"Key a = 10, d = 3 is correct (8d = 24), but the steps never state d = 3 or a = 10; the generic steps do not reach the key."
2026-CIRC-SA-10,C1,predicted,Circles,lazytopper/src/data/predictedQuestions.ts:2481,wrong-steps,medium,,"Key 7 cm is correct (√(625 − 576)), but the steps never compute r = 7; the substitution step is generic."
2026-CR-SA-03,C1,predicted,ChemicalReactions,lazytopper/src/data/predictedQuestionsScience.ts:114,wrong-steps;ambiguous-stem,medium,,Step 3 'oxygen consumed → reduced' contradicts its own definition (reduction = loss of oxygen); nothing loses oxygen in 2Cu+O₂→2CuO. finalAnswer has literal \n.
2026-ABS-SA-03,C1,predicted,AcidsBasesSalts,lazytopper/src/data/predictedQuestionsScience.ts:253,wrong-steps,medium,,"Marks skewed: name + formula of (a) share only ½, (b) gets 1½; expect (a) 1, (b) 1."
2026-MNM-CASE-04,C1,predicted,MetalsNonMetals,lazytopper/src/data/predictedQuestionsScience.ts:402,wrong-steps,medium,,"stored_finalAnswer truncated at 'can free', omits (iv); step 1 merges (i)+(ii) for 1 mark while (iii) gets 2."
2026-CC-SA-03,C1,predicted,CarbonCompounds,lazytopper/src/data/predictedQuestionsScience.ts:479,wrong-steps,medium,,"Marks skewed: full definition (a) gets only ½; expect (a) 1, (b) ½ + ½."
2026-CC-CASE-05,C1,predicted,CarbonCompounds,lazytopper/src/data/predictedQuestionsScience.ts:527,wrong-steps,medium,,"stored_finalAnswer truncated at 'calci', missing end of (iii) and all of (iv); key and steps otherwise correct."
2026-LP-SA-03,C1,predicted,LifeProcesses,lazytopper/src/data/predictedQuestionsScience.ts:609,wrong-steps,medium,,"Marks skewed: both roles of bile (i) share ½, (ii) gets 1½; expect (i) 1, (ii) 1."
2026-CCO-SA-02,C1,predicted,ControlAndCoordination,lazytopper/src/data/predictedQuestionsScience.ts:762,wrong-steps,medium,,Definition (part a) gets only [½] while the example gets [1]; it should be 1 mark for (a) and 1 for (b).
2026-REP-SA-02,C1,predicted,Reproduction,lazytopper/src/data/predictedQuestionsScience.ts:863,wrong-steps,medium,,"Binary fission definition plus example gets only [½], multiple-fission example alone gets [1]; it should be 1+1."
2026-LIGHT-SA-03,C1,predicted,Light,lazytopper/src/data/predictedQuestionsScience.ts:1049,wrong-steps,low,,Formula plus term definitions get only [½] while the tail of the sign convention gets [1]; it should be 1+1.
2026-LIGHT-CASE-06,C1,predicted,Light,lazytopper/src/data/predictedQuestionsScience.ts:1121,wrong-steps,medium,,"(i)+(ii) share one mark and (ii)+(iii) another, while (iv) alone gets 2 marks; it should be 1 mark per part."
2026-LIGHT-SA-09,C1,predicted,Light,lazytopper/src/data/predictedQuestionsScience.ts:1258,wrong-steps,medium,,"Snell's law statement plus formula get only [½], while restating n=c/v gets [1]; it should be 1+1."
2026-ME-SA-02,C1,predicted,MagneticEffects,lazytopper/src/data/predictedQuestionsScience.ts:1638,wrong-steps,medium,,"Diagram given only [½] while Property 2 gets [1] and Property 1 [½]; unbalanced, diagram should carry ~1 mark."
2026-EL-SA-04b,C1,predicted,Electricity,lazytopper/src/data/predictedQuestionsScience.ts:1698,wrong-steps,low,,"R_total=9 Ω working gets only [½] while bare final line ""I = 1 A"" gets [1]; marks weighted on final line."
2026-HE-SA-03,C1,predicted,HumanEyeAndColourfulWorld,lazytopper/src/data/predictedQuestionsScience.ts:1890,wrong-steps,low,,Part (a) persistence of vision gets only [½] while part (b) gets 1½; parts should be ~1 each.
2026-LP-CS-01,C1,predicted,LifeProcesses,lazytopper/src/data/predictedQuestionsScience.ts:2017,ambiguous-stem,low,,"Undernourishment vs obesity not decidable from stem (skips breakfast, fatigue); key ""obesity"" only one defensible reading; malnutrition types barely in Class 10 syllabus."
2026-CC-CS-02,C1,predicted,CarbonCompounds,lazytopper/src/data/predictedQuestionsScience.ts:2192,wrong-steps,high,,"Steps explain micelle formation only; none answer scum formation, detergent effectiveness in hard water or detergent disadvantage."
2026-CCN-SA-05,C1,predicted,ControlAndCoordination,lazytopper/src/data/predictedQuestionsScience.ts:2224,wrong-steps,low,,Definition plus example share [½] while importance is split [½]+[1] with repeated content; allocation unbalanced.
2026-RP-SA-06,C1,predicted,Reproduction,lazytopper/src/data/predictedQuestionsScience.ts:2281,wrong-steps,medium,,Both differences get only [½] while the sexual-reproduction example alone gets [1]; allocation unreasonable.
2026-ELEC-LA-12,C1,predicted,Electricity,lazytopper/src/data/predictedQuestionsScience.ts:2334,wrong-steps,low,,"Key correct (Rp=2 Ω, Req=6 Ω, I=2 A, I2=2/3 A, I3=4/3 A) but steps are templates with no values; [1] for units only."
2026-LP-LA-06,C1,predicted,LifeProcesses,lazytopper/src/data/predictedQuestionsScience.ts:2362,wrong-steps,medium,,"Step 5 awards [1] for ""Conclude with overall significance"", not asked; labelled diagram worth only [1]."
ple-hpq-1,C1,hpq,Pair of Linear Equations in Two Variables,lazytopper/src/data/highlyProbableQuestions.ts:1224,wrong-steps,medium,,"Key x=34/13, y=25/13 verified, but steps show no numeric working; 1 mark given for 'write ordered pair neatly'."
qe-hpq-103,C1,hpq,Quadratic Equations,lazytopper/src/data/highlyProbableQuestions.ts:209,wrong-steps,medium,,Key A acceptable but step 3 claims Reason 'states the condition D<0'; Reason actually says sqrt of negative is imaginary.
trig-hpq-102,C1,hpq,Trigonometry,lazytopper/src/data/highlyProbableQuestions.ts:361,wrong-steps,medium,,Proof is circular: assumes 1+tan^2=sec^2 (the same identity); should derive from sin^2+cos^2=1 divided by cos^2.
trig-hpq-103,C1,hpq,Trigonometry,lazytopper/src/data/highlyProbableQuestions.ts:386,wrong-steps,medium,,Key A plausible but steps are generic placeholders and justify by 'Since the answer is A'; no actual reasoning.
sci-cre-hpq-3,C1,hpq,Chemical Reactions & Equations,lazytopper/src/data/highlyProbableQuestions.ts:1447,wrong-steps,medium,,"Key right, but step 1 lumps all of (a) with (b) for 1 mark, and step 2 gives 1 mark for unrequired 'other valid measures'."
mnm-hpq-103,C1,hpq,Metals & Non-metals,lazytopper/src/data/highlyProbableQuestions.ts:797,wrong-steps,medium,,Key A correct but steps are generic templates that never state why A and R are true.
mnm-hpq-105,C1,hpq,Metals & Non-metals,lazytopper/src/data/highlyProbableQuestions.ts:862,wrong-steps,medium,,Equation plus reaction type share one mark while part (c) colour change gets 3 marks; allocation skewed.
sci-cic-hpq-3,C1,hpq,Carbon & its Compounds,lazytopper/src/data/highlyProbableQuestions.ts:1800,wrong-steps,medium,,Propan-1-ol and propanone correct; first compound gets only ½ mark while the second gets 1½.
sci-lp-hpq-3,C1,hpq,Life Processes,lazytopper/src/data/highlyProbableQuestions.ts:1921,wrong-steps,medium,,Diagram shares 1 mark with definition; step 5 awards 1 mark for a vacuous summary sentence.
lp-hpq-102,C1,hpq,Life Processes,lazytopper/src/data/highlyProbableQuestions.ts:924,wrong-steps,medium,,Balanced equation gets only ½ while condition note (chlorophyll/sunlight) gets 1; equation should carry most marks.
sci-hdor-hpq-2,C1,hpq,How do Organisms Reproduce?,lazytopper/src/data/highlyProbableQuestions.ts:1988,wrong-steps,medium,,Testes and ovaries share one [1] step while fallopian tubes get 2 marks; expect 1 mark per organ.
sci-light-hpq-2,C1,hpq,Light – Reflection & Refraction,lazytopper/src/data/highlyProbableQuestions.ts:2053,wrong-steps,medium,,Key says 'same size' but steps never compute m = v/u = -1; size of image not reached in steps.
sci-elec-hpq-3,C1,hpq,Electricity,lazytopper/src/data/highlyProbableQuestions.ts:2239,wrong-steps,medium,,"Key 150 kWh/Rs 1050 correct, but a full [1] is given for merely restating 'Cost per kWh = Rs 7' (given data)."
sci-elec-hpq-4,C1,hpq,Electricity,lazytopper/src/data/highlyProbableQuestions.ts:2269,wrong-steps,medium,,Steps out of order and duplicated: part (c) melting answered in step 2 and again step 4; (b) principle placed third.
sci-mec-hpq-2,C1,hpq,Magnetic Effects of Electric Current,lazytopper/src/data/highlyProbableQuestions.ts:2335,wrong-steps,high,,"Step 3 says field shows 'concentric circles near the ends' - wrong; concentric circles are for a straight wire, solenoid ends resemble bar magnet."
ABS2-022,C2,bank,acids-bases-and-salts,lazytopper/src/data/questionBanks/class10/science/acidsBasesSalts.pack2.ts:677,wrong-steps,medium,,"Key right, but step says ""Moles of acid × Volume of acid = Moles of base × Volume of base"" (should be molarity × volume); no mark split; assumes same basicity."
SCQ-S-CARB-033,C2,bank,carbon-and-its-compounds,lazytopper/src/data/questionBanks/class10/science/carbon-and-its-compounds.chapterwise.ts:248,wrong-steps,medium,"Cyclohexane C6H12 (ring structure), 18 single bonds","Key/steps never name the compound or give structure, which part b asks for; single unsplit step for 3 marks."
BX-CHEM-D-026,C2,bank,chemical-reactions-and-equations,lazytopper/src/data/questionBanks/class10/science/chemicalReactions.expand.longD.ts:681,ambiguous-stem,medium,,(iv) premise that all combustion is combination is false for CH4 (gives two products CO2 + H2O); fine only for C and S.
CIRC-N-NCERT-10-SA-003,C2,bank,circles,lazytopper/src/data/questionBanks/class10/maths/circles.ncert.ts:107,wrong-steps,medium,,"TP = 20/3 correct, but step 3 contains draft text ""TP × OR = OP × PR? More directly:""; no mark split."
sci-bio-cc-3m-2026-01,C2,bank,control-and-coordination,lazytopper/src/data/questionBanks/class10/curatedInline.ts:425,wrong-steps,medium,,No stored key/finalAnswer; steps are instructions; stem demands labelled diagram yet no diagram step; 7 unallocated steps for 3 marks.
HE-M06,C2,bank,heredity,lazytopper/src/data/questionBanks/class10/science/heredity.pack1.ts:14,ambiguous-stem,medium,(iv) Law of Dominance (and Segregation),"Monohybrid cross with F1 all tall equally demonstrates Law of Dominance; key accepts only ""Law of Segregation""."
REP2-021,C2,bank,how-do-organisms-reproduce,lazytopper/src/data/questionBanks/class10/science/reproduction.pack2.ts:608,off-syllabus,high,,"Menopause, hot flashes, FSH/LH feedback, HRT, osteoporosis prevention are outside CBSE Class 10 reproduction syllabus."
SCQ-S-EYE-032,C2,bank,human-eye-and-colourful-world,lazytopper/src/data/questionBanks/class10/science/human-eye-and-colourful-world.chapterwise.ts:245,wrong-steps,high,Impression persists on retina ~1/16 s after object is removed,"Key garbled ""16 1 th second"" and truncated (""both the im""); single step for 2 marks."
HEY-M05,C2,bank,human-eye-and-colourful-world,lazytopper/src/data/questionBanks/class10/science/humanEyeAndColourfulWorld.pack1.ts:126,ambiguous-stem,medium,(i) Presbyopia possible; cause weakened ciliary muscles/less flexible lens,"Elderly grandfather unable to read near suggests presbyopia; key ""short eyeball"" cause. Power +2 D verified correct."
SCQ-S-EYE-033,C2,bank,human-eye-and-colourful-world,lazytopper/src/data/questionBanks/class10/science/human-eye-and-colourful-world.chapterwise.ts:251,wrong-steps,medium,,"stored_key truncated (""due to wh""); stem typo ""worlds""; steps themselves (myopia, concave lens, twinkling) correct."
SCQ-S-LIFE-024,C2,bank,life-processes,lazytopper/src/data/questionBanks/class10/science/life-processes.chapterwise.ts:197,wrong-steps,high,,"Only ""Anaemia"" for 2 marks; missing reduced O₂-carrying capacity, fatigue/breathlessness; single 2-mark step."
LP2-053,C2,bank,life-processes,lazytopper/src/data/questionBanks/class10/science/lifeProcesses.pack2.ts:1456,off-syllabus;wrong-steps,medium,,"Cori cycle, renal flow 1.2 L/min, 20% brain O₂ beyond syllabus; vague key; 9 untagged steps for 5 marks."
MNM2-024,C2,bank,metals-and-non-metals,lazytopper/src/data/questionBanks/class10/science/metalsNonMetals.pack2.ts:663,wrong-steps,medium,,Key is 'See solution steps'; no mark allocations; NaCl electrolysis equation unbalanced; 'electrolysis only small-scale' is dubious.
METAL-NCERT-3-LONG-002,C2,bank,metals-and-non-metals,lazytopper/src/data/questionBanks/class10/science/metalsNonMetals.ncert.ts:547,wrong-steps,medium,,"Equations 'Na + O2 -> Na2O' and 'Na + H2O -> NaOH + H2' unbalanced; marks skewed: (c) only 0.5, (d) 2.5."
SCQ-S-ENV-034,C2,bank,our-environment,lazytopper/src/data/questionBanks/class10/science/our-environment.chapterwise.ts:248,ambiguous-stem;wrong-steps,high,,"Stem garbled ('kozone', 'iEnvironment Dayj'), two questions joined by 'or'; key truncated with '[2008 Panchkula]' junk, no allocations."
PYQ-M-2024-PROB-004,C2,bank,probability,lazytopper/src/data/questionBanks/class10/maths/probability.pyq2024.ts:36,wrong-steps,medium,,"Answers 7/8, 3/8, 3/8 correct but steps only state results; no sample space listed, no working or allocations."
RN-H10,C2,bank,real-numbers,lazytopper/src/data/questionBanks/class10/maths/realNumbers.pack1.ts:486,wrong-steps,medium,,Full proof of sqrt3 irrational squeezed into one [1] step while trivial follow-up gets 4 marks; allocation unreasonable.
STAT-M13,C2,bank,statistics,lazytopper/src/data/questionBanks/class10/maths/statistics.pack1.ts:136,wrong-steps,medium,,"All values correct (35-45, 36.82, 35.375, 35.87) but parts (i)+(ii) share 1 mark while median gets 2; allocation uneven."
SAV-N-EXEM2-12-LA-010,C2,bank,surface-areas-and-volumes,lazytopper/src/data/questionBanks/class10/maths/surfaceAreasAndVolumes.exemplar2.ts:142,off-syllabus,high,,Arithmetic right (486π/9π=54) but recasting hemisphere liquid into cylinders is banned 'Conversion of Solids'.
TRI-N-EXMPLR-6-SA-004,C2,bank,triangles,lazytopper/src/data/questionBanks/class10/maths/triangles.exemplar.ts:107,wrong-steps,medium,,"Answer No (QPR~STM) correct, but stored_key contains wrong interim claim 'correct correspondence is △QPR ~ △SMT' and self-corrections."
CBE-M-TRIG-B-009,C2,bank,trigonometry,lazytopper/src/data/questionBanks/class10/maths/trigonometry.cbe.ts:301,wrong-steps,medium,24−8√3 ≈ 10.14 m,Steps omit logo height (24 tan30°=8√3) and use 13.84 without derivation; 10.16 only with √3=1.73.
Z3-ARC-002,C2,bank,areas-related-to-circles,lazytopper/src/data/questionBanks/class10/maths/competency.z3.ts:666,wrong-steps,medium,,"Values 24332, 59.4, 5°, 84° verified, but (ii) and (iii) share one 1-mark step while (i) gets 2."
ARC-H02,C2,bank,areas-related-to-circles,lazytopper/src/data/questionBanks/class10/maths/areasRelatedToCircles.pack1.ts:170,wrong-steps,medium,,Values 4.45/149.55 correct but step 5 'Or: major segment = π(49) − 4.45 [1]' duplicates step 4 for a mark.
REP2-020,C2,bank,how-do-organisms-reproduce,lazytopper/src/data/questionBanks/class10/science/reproduction.pack2.ts:579,wrong-steps,medium,,Step claims self-pollination gives 'genetically identical offspring' (false: meiosis gives variation). Heterosis/inbreeding depression are beyond the Class 10 NCERT text.
SCQ-S-LIFE-033,C2,bank,life-processes,lazytopper/src/data/questionBanks/class10/science/life-processes.chapterwise.ts:253,wrong-steps,high,,"Key and only step truncated mid-word (""temperate reg"", ""absorbed by the c""); single unsplit [3 marks] step."
SCQ-S-MAG-025,C2,bank,magnetic-effects-of-electric-current,lazytopper/src/data/questionBanks/class10/science/magnetic-effects-of-electric-current.chapterwise.ts:200,wrong-steps,medium,,"2-mark item has one unallocated step; missing second point (e.g. lines never intersect / N to S outside, S to N inside)."
ME-H04,C2,bank,magnetic-effects-of-electric-current,lazytopper/src/data/questionBanks/class10/science/magneticEffects.pack1.ts:76,wrong-steps,high,,"Step (i) prefixed with unrequested ""Circuit Diagram: Draw a household circuit..."" text; stem asks no diagram."
CFPQ-M-POLY-014,C2,bank,polynomials,lazytopper/src/data/questionBanks/class10/maths/polynomials.cfpq.ts:460,off-syllabus,medium,,"Answer verified (two points); but requires factorising a cubic via division by (x-2), banned 'Division Algorithm for Polynomials'."
PROB-H08,C2,bank,probability,lazytopper/src/data/questionBanks/class10/maths/probability.pack1.ts:256,ambiguous-stem,medium,,"Stem says customers visit 'on the same day', which contradicts parts (ii)/(iii); should say 'same week'. Answers 36, 1/6, 5/6, 11/36 correct."
PYQ-M-2026-REALNUM-002,C2,bank,real-numbers,lazytopper/src/data/questionBanks/class10/maths/real-numbers.pyq2026.ts:19,wrong-steps,high,√3=(2b−a)/(5b) rational — contradiction; hence irrational,"Key/steps garbled ('√3 = 2b −a 5b', blank fraction) and truncated: contradiction and conclusion missing."
ABS2-020,C2,bank,acids-bases-and-salts,lazytopper/src/data/questionBanks/class10/science/acidsBasesSalts.pack2.ts:594,wrong-steps,medium,,"Says acids turn ""red litmus red"" (should be blue litmus red); blood pH 7.4 listed as neutral; no [N mark] allocation"
CARB-H04,C2,bank,carbon-and-its-compounds,lazytopper/src/data/questionBanks/class10/science/carbonCompounds.pack1.ts:209,wrong-steps,medium,,"Oxidation equation ""C₂H₅OH + [O] → CH₃COOH"" unbalanced; should be + 2[O] → CH₃COOH + H₂O"
SCQ-S-CARB-041,C2,bank,carbon-and-its-compounds,lazytopper/src/data/questionBanks/class10/science/carbon-and-its-compounds.chapterwise.ts:314,ambiguous-stem,medium,,"Stem garbled: arrows rendered as ""$"", conditions as ""H SO 2 4"", ""Alk MnO4""; key also garbled"
CIR-H03,C2,bank,circles,lazytopper/src/data/questionBanks/class10/maths/circles.pack1.ts:225,wrong-steps,medium,,Third [1] step is an alternative method (area/s) not additional working; r=(a+b−c)/2 used without tangent-length justification
PYQ-M-CG-003,C2,bank,coordinate-geometry,lazytopper/src/data/questionBanks/class10/maths/coordinate-geometry.pyq.ts:27,ambiguous-stem;wrong-steps,high,,"Stem shows ""( 2, 3)"" missing minus; with (2,3) triangle is not right-angled; key text garbled (""16 4 + = 20"")"
APQ-S-EYE-002,C2,bank,human-eye-and-colourful-world,lazytopper/src/data/questionBanks/class10/science/human-eye-and-colourful-world.additionalPQ.ts:24,needs-figure;ambiguous-stem,medium,,Stem says 'Copy the diagram'; the screen colour depends on the unseen orientation of the three prisms. figure_bound false; key 'White' unverifiable.
LIFE-EXMPLR-5-LONG-002,C2,bank,life-processes,lazytopper/src/data/questionBanks/class10/science/lifeProcesses.exemplar.ts:455,wrong-steps,medium,,Stomach and small intestine (the main digestion sites) get only 0.5 mark each while the oesophagus gets 1; allocation unbalanced.
METAL-EXMPLR-3-SA-013,C2,bank,metals-and-non-metals,lazytopper/src/data/questionBanks/class10/science/metalsNonMetals.exemplar.ts:305,wrong-steps,medium,,"Chemistry correct, but the (b) equation gets only 0.5 mark while the trivia line 'key step in extracting Cu' gets 1 mark."
PYQ-S-2024-ENV-003,C2,bank,our-environment,lazytopper/src/data/questionBanks/class10/science/ourEnvironment.pyq2024.ts:29,ambiguous-stem;wrong-steps,high,,"Stem has stray scrape text ""3 18 34""; key omits differentiation part; steps have no [N mark] allocations and garbled table text."
OE2-035,C2,bank,our-environment,lazytopper/src/data/questionBanks/class10/science/ourEnvironment.pack2.ts:719,wrong-steps,medium,,Content correct but 9 steps carry no [N mark] allocations for a 5-mark question.
PLE-N-NCERT-3-SA-006,C2,bank,pair-of-linear-equations,lazytopper/src/data/questionBanks/class10/maths/pairOfLinearEquations.ncert.ts:97,wrong-steps,medium,,"Answer ₹3, ₹5 correct; steps carry no [N mark] allocations for 3 marks."
PLE-N-NCERT-3-LA-003,C2,bank,pair-of-linear-equations,lazytopper/src/data/questionBanks/class10/maths/pairOfLinearEquations.ncert.ts:167,wrong-steps,medium,,"Nuri 50, Sonu 20 correct; steps carry no [N mark] allocations for 5 marks."
POLY-M01,C2,bank,polynomials,lazytopper/src/data/questionBanks/class10/maths/polynomials.pack1.ts:269,ambiguous-stem,medium,,"Value -3/4 is algebraically right, but 2x^2 - 5x + 7 has D = -31: no real zeroes, outside Class 10 scope."
PROB-N-NCERT-14-SA-005,C2,bank,probability,lazytopper/src/data/questionBanks/class10/maths/probability.ncert.ts:133,wrong-steps,medium,,11/12 correct; steps carry no [N mark] allocations for 3 marks.
PROB-N-NCERT-14-LA-002,C2,bank,probability,lazytopper/src/data/questionBanks/class10/maths/probability.ncert.ts:147,wrong-steps,medium,,"364/365, 1/365, 0.008 correct; steps carry no [N mark] allocations for 5 marks."
RN2-061,C2,bank,real-numbers,lazytopper/src/data/questionBanks/class10/maths/realNumbers.pack2.ts:1284,wrong-steps,medium,,"LCM 360; 9, 8, 12 correct; 7 steps carry no [N mark] allocations for 4 marks."
STAT-N-NCERT-13-CB-001,C2,bank,statistics,lazytopper/src/data/questionBanks/class10/maths/statistics.ncert.ts:138,wrong-steps,medium,,"0.06, 30, 2.96, mean 0.099 correct; steps carry no [N mark] allocations for 4 marks."
APQ-M-ARC-005,C2,bank,areas-related-to-circles,lazytopper/src/data/questionBanks/class10/maths/areas-related-to-circles.additionalPQ.ts:49,needs-figure,medium,,"∠DOC = 180° − 120° assumes A, O, B collinear and right angles at A, B; stem gives no figure or statement of this"
SCQ-S-CARB-027,C2,bank,carbon-and-its-compounds,lazytopper/src/data/questionBanks/class10/science/carbon-and-its-compounds.chapterwise.ts:212,wrong-steps,high,,"Arrow rendered as '$' in key and step (mojibake); single unmarked step, no working split for 2 marks"
CHEM-NCERT-1-SA-011,C2,bank,chemical-reactions-and-equations,lazytopper/src/data/questionBanks/class10/science/chemicalReactions.ncert.ts:461,wrong-steps,medium,,"1 of 3 marks given to exothermic/endothermic contrast, which the question does not ask; equations get only 0.5 each"
APQ-S-ELEC-004,C2,bank,electricity,lazytopper/src/data/questionBanks/class10/science/electricity.additionalPQ.ts:36,wrong-steps,medium,,"Values correct (40 Ω, 7.5 V/3.75 W, decreases) but OR alternative counted as separate [1 mark]; a student's path totals 3, not 4."
SCQ-S-HERED-034,C2,bank,heredity,lazytopper/src/data/questionBanks/class10/science/heredity.chapterwise.ts:255,wrong-steps,medium,,"Single unallocated step for 3 marks, no flow chart, and source tag ""[Foreign 2015,2017]"" leaked into key/steps; content correct."
HERED-EXMPLR-8-LA-001,C2,bank,heredity,lazytopper/src/data/questionBanks/class10/science/heredity.exemplar.ts:187,wrong-steps,high,,"Answers correct but step (a) garbled: ""only Ry…(actually only RY gametes)""; no mark allocations for a 5-mark answer."
LT-D04,C2,bank,light-reflection-and-refraction,lazytopper/src/data/questionBanks/class10/science/light.pack1.ts:245,wrong-steps,medium,,"Fifth mark awarded for 'Application: camera, copying machine, projector...' which the stem never asks; cases (ii) and (iii) crammed into one mark."
MNM-H07,C2,bank,metals-and-non-metals,lazytopper/src/data/questionBanks/class10/science/metalsNonMetals.pack1.ts:221,wrong-steps,high,,"Stem asks two examples with acid AND base equations; steps give equations only for Al2O3, none for ZnO (ZnO+2HCl→ZnCl2+H2O; ZnO+2NaOH→Na2ZnO2+H2O)."
TG3-021,C2,bank,trigonometry,lazytopper/src/data/questionBanks/class10/maths/trigonometry.pack3.ts:582,wrong-steps,medium,,"Answers 10 m and 5√3 m correct, but step 1 describes a ""vertical tower or building"" with observation point P, not the ladder; 4 marks for two parts."
PYQ-S-ACID-010,C2,bank,acids-bases-and-salts,lazytopper/src/data/questionBanks/class10/science/acids-bases-and-salts.pyq.ts:86,wrong-steps,medium,,"Key correct (pH 7; acidic NH4NO3 pink/orange; K2CO3 stays blue) but single ""[3 marks]"" step just repeats key, no per-part working."
CARB-NCERT-4-VSA-006,C2,bank,carbon-and-its-compounds,lazytopper/src/data/questionBanks/class10/science/carbonCompounds.ncert.ts:46,ambiguous-stem;wrong-steps,high,,Stem (ii) garbled: 'with formula HCHO for second part — alternate read'; key hedges Ethyne or Methanal. No mark allocation for 2 marks.
CC2-020,C2,bank,carbon-and-its-compounds,lazytopper/src/data/questionBanks/class10/science/carbonCompounds.pack2.ts:589,wrong-steps,medium,,"Answers correct, but 7 unallocated steps never write part (d) equation; no marks per part for 4-mark case."
CARB-EXMPLR-4-LONG-010,C2,bank,carbon-and-its-compounds,lazytopper/src/data/questionBanks/class10/science/carbonCompounds.exemplar.ts:355,wrong-steps,medium,,"Key correct; steps 5-6 are filler ('Combination of these four types...'), no mark allocation; finalAnswer oxidation 'C₂H₅OH+[O]→CH₃COOH' unbalanced (needs 2[O], +H₂O)."
CIR-H04,C2,bank,circles,lazytopper/src/data/questionBanks/class10/maths/circles.pack1.ts:230,wrong-steps,medium,,Result correct but step 3 states '∠BCD = 90° − (90° − 60°) = 60°' then contradicts to 30°; step 1 generic construction text irrelevant.
CBE-S-HERD-B-001,C2,bank,heredity,lazytopper/src/data/questionBanks/class10/science/heredity.cbe.ts:50,ambiguous-stem,low,,Stem 'Describe the observations Mendel made' is open-ended; key omits dominant/recessive traits and 3:1 F2 ratio a grader may expect.
LIFE-EXMPLR-5-SA-037,C2,bank,life-processes,lazytopper/src/data/questionBanks/class10/science/lifeProcesses.exemplar.ts:440,wrong-steps,medium,,"Step 3 ""wastes excreted via transpiration (dissolved in water vapour)"" is wrong; transpiration removes excess water, vapour carries no solutes."
SCQ-S-METAL-035,C2,bank,metals-and-non-metals,lazytopper/src/data/questionBanks/class10/science/metals-and-non-metals.chapterwise.ts:262,wrong-steps,medium,,"Content correct, but entire answer lumped in one ""[3 marks]"" step; no per-part (a/b/c) mark allocation."
METAL-EXMPLR-3-LONG-002,C2,bank,metals-and-non-metals,lazytopper/src/data/questionBanks/class10/science/metalsNonMetals.exemplar.ts:373,wrong-steps,medium,"Low reactivity (HgS, Cu2S): roast; oxide self-reduces on heating. Medium (ZnS): roast to oxide, reduce with C, refine.","Omits low-reactivity self-reduction route; lists Cu as carbon-reduced; 1 mark each on two filler steps, 0.5 on reduction/refining."
OE-B02,C2,bank,our-environment,lazytopper/src/data/questionBanks/class10/science/ourEnvironment.pack1.ts:156,wrong-steps,medium,,"Ozone-layer definition and CFC source share one ½ mark while trivia ""thousands of molecules"" gets 1 mark; allocation unreasonable."
