id_a,id_b,chapter_a,chapter_b,surface_a,surface_b,kind,scope,similarity,file_a,file_b,stem
TRIG2-E14,TG3-004,trigonometry,trigonometry,bank,bank,exact,same-chapter,1.00,lazytopper/src/data/questionBanks/class10/maths/trigonometry.pack2.ts:219,lazytopper/src/data/questionBanks/class10/maths/trigonometry.pack3.ts:96,which of the following is a trigonometric identity
RN-E02,RN-N-NCERT-1-MCQ-001,real-numbers,real-numbers,bank,bank,exact,same-chapter,1.00,lazytopper/src/data/questionBanks/class10/maths/realNumbers.pack1.ts:5,lazytopper/src/data/questionBanks/class10/maths/realNumbers.ncert.ts:12,the prime factorisation of 156 is
RN-E05,RN2-008,real-numbers,real-numbers,bank,bank,exact,same-chapter,1.00,lazytopper/src/data/questionBanks/class10/maths/realNumbers.pack1.ts:39,lazytopper/src/data/questionBanks/class10/maths/realNumbers.pack2.ts:87,which of the following is an irrational number
RN-E19,RN-N-NCERT-1-MCQ-002,real-numbers,real-numbers,bank,bank,exact,same-chapter,1.00,lazytopper/src/data/questionBanks/class10/maths/realNumbers.pack1.ts:180,lazytopper/src/data/questionBanks/class10/maths/realNumbers.ncert.ts:20,if hcf 306 657 = 9 then lcm 306 657 is
RN-N02,RN2-012,real-numbers,real-numbers,bank,bank,exact,same-chapter,1.00,lazytopper/src/data/questionBanks/class10/maths/realNumbers.pack1.ts:559,lazytopper/src/data/questionBanks/class10/maths/realNumbers.pack2.ts:182,which of the following is irrational
RN2-010,RN-N-NCERT-1-LA-002,real-numbers,real-numbers,bank,bank,exact,same-chapter,1.00,lazytopper/src/data/questionBanks/class10/maths/realNumbers.pack2.ts:127,lazytopper/src/data/questionBanks/class10/maths/realNumbers.ncert.ts:174,prove that √3 is irrational
RN2-011,RN-N-NCERT-1-LA-003,real-numbers,real-numbers,bank,bank,exact,same-chapter,1.00,lazytopper/src/data/questionBanks/class10/maths/realNumbers.pack2.ts:154,lazytopper/src/data/questionBanks/class10/maths/realNumbers.ncert.ts:182,prove that √5 is irrational
RN2-011,2026-RN-SA-09,real-numbers,Real Numbers,bank,predicted,exact,same-chapter,1.00,lazytopper/src/data/questionBanks/class10/maths/realNumbers.pack2.ts:154,lazytopper/src/data/predictedQuestions.ts:2716,prove that √5 is irrational
RN2-011,math-real-hpq-3,real-numbers,Real Numbers,bank,hpq,exact,same-chapter,1.00,lazytopper/src/data/questionBanks/class10/maths/realNumbers.pack2.ts:154,lazytopper/src/data/highlyProbableQuestions.ts:2374,prove that √5 is irrational
RN2-034,RN2-050,real-numbers,real-numbers,bank,bank,exact,same-chapter,1.00,lazytopper/src/data/questionBanks/class10/maths/realNumbers.pack2.ts:652,lazytopper/src/data/questionBanks/class10/maths/realNumbers.pack2.ts:964,prove that √2 is irrational
RN2-034,RN-N-NCERT-1-LA-001,real-numbers,real-numbers,bank,bank,exact,same-chapter,1.00,lazytopper/src/data/questionBanks/class10/maths/realNumbers.pack2.ts:652,lazytopper/src/data/questionBanks/class10/maths/realNumbers.ncert.ts:166,prove that √2 is irrational
QE-E01,QE2-001,quadratic-equations,quadratic-equations,bank,bank,exact,same-chapter,1.00,lazytopper/src/data/questionBanks/class10/maths/quadraticEquations.pack1.ts:4,lazytopper/src/data/questionBanks/class10/maths/quadraticEquations.pack2.ts:5,which of the following is a quadratic equation
QE-E01,QE2-051,quadratic-equations,quadratic-equations,bank,bank,exact,same-chapter,1.00,lazytopper/src/data/questionBanks/class10/maths/quadraticEquations.pack1.ts:4,lazytopper/src/data/questionBanks/class10/maths/quadraticEquations.pack2.ts:1306,which of the following is a quadratic equation
QE-E01,QE-N-NCERT-4-MCQ-001,quadratic-equations,quadratic-equations,bank,bank,exact,same-chapter,1.00,lazytopper/src/data/questionBanks/class10/maths/quadraticEquations.pack1.ts:4,lazytopper/src/data/questionBanks/class10/maths/quadraticEquations.ncert.ts:10,which of the following is a quadratic equation
QE-E01,QE-N-EXMPLR-4-MCQ-001,quadratic-equations,quadratic-equations,bank,bank,exact,same-chapter,1.00,lazytopper/src/data/questionBanks/class10/maths/quadraticEquations.pack1.ts:4,lazytopper/src/data/questionBanks/class10/maths/quadraticEquations.exemplar.ts:10,which of the following is a quadratic equation
QE-E02,QE2-046,quadratic-equations,quadratic-equations,bank,bank,exact,same-chapter,1.00,lazytopper/src/data/questionBanks/class10/maths/quadraticEquations.pack1.ts:11,lazytopper/src/data/questionBanks/class10/maths/quadraticEquations.pack2.ts:1269,the roots of x2 − 5x + 6 = 0 are
QE-E04,QE-N02,quadratic-equations,quadratic-equations,bank,bank,exact,same-chapter,1.00,lazytopper/src/data/questionBanks/class10/maths/quadraticEquations.pack1.ts:19,lazytopper/src/data/questionBanks/class10/maths/quadraticEquations.pack1.ts:297,if the discriminant of a quadratic equation is zero the roots are
QE2-058,2026-QE-LA-05,quadratic-equations,Quadratic Equations,bank,predicted,exact,same-chapter,1.00,lazytopper/src/data/questionBanks/class10/maths/quadraticEquations.pack2.ts:1357,lazytopper/src/data/predictedQuestions.ts:2902,a train travels 360 km at a uniform speed if the speed had been 5 km/h more it would have taken 1 hour less find the speed of the train
AP2-004,AP-N-NCERT-5-MCQ-005,arithmetic-progression,arithmetic-progression,bank,bank,exact,same-chapter,1.00,lazytopper/src/data/questionBanks/class10/maths/arithmeticProgression.pack2.ts:89,lazytopper/src/data/questionBanks/class10/maths/arithmeticProgression.ncert.ts:46,which term of the ap 3 8 13 18 is 78
CG-N01,2026-CG-MCQ-01,coordinate-geometry,Coordinate Geometry,bank,predicted,exact,same-chapter,1.00,lazytopper/src/data/questionBanks/class10/maths/coordinateGeometry.pack1.ts:187,lazytopper/src/data/predictedQuestions.ts:375,the distance between points 3 4 and 0 0 is
CIR-H01,2026-CIRC-SA-01b,circles,Circles,bank,predicted,exact,same-chapter,1.00,lazytopper/src/data/questionBanks/class10/maths/circles.pack1.ts:211,lazytopper/src/data/predictedQuestions.ts:532,prove that the tangent at any point of a circle is perpendicular to the radius through the point of contact
ARC-E08,ARC2-051,areas-related-to-circles,areas-related-to-circles,bank,bank,exact,same-chapter,1.00,lazytopper/src/data/questionBanks/class10/maths/areasRelatedToCircles.pack1.ts:20,lazytopper/src/data/questionBanks/class10/maths/areasRelatedToCircles.pack2.ts:1233,if the circumference of a circle is 44 cm its radius is
PROB-E01,PR2-028,probability,probability,bank,bank,exact,same-chapter,1.00,lazytopper/src/data/questionBanks/class10/maths/probability.pack1.ts:4,lazytopper/src/data/questionBanks/class10/maths/probability.pack2.ts:771,the probability of a sure event is
PR2-046,PB-M-1-PROB-A-001,probability,probability,bank,bank,exact,same-chapter,1.00,lazytopper/src/data/questionBanks/class10/maths/probability.pack2.ts:1240,lazytopper/src/data/questionBanks/class10/maths/probability.preboard.ts:11,a die is thrown once the probability of getting a prime number is
CR2-001,CR2-050,chemical-reactions-and-equations,chemical-reactions-and-equations,bank,bank,exact,same-chapter,1.00,lazytopper/src/data/questionBanks/class10/science/chemicalReactions.pack2.ts:5,lazytopper/src/data/questionBanks/class10/science/chemicalReactions.pack2.ts:1365,which of the following is a combination reaction
ABS2-005,ABS2-053,acids-bases-and-salts,acids-bases-and-salts,bank,bank,exact,same-chapter,1.00,lazytopper/src/data/questionBanks/class10/science/acidsBasesSalts.pack2.ts:133,lazytopper/src/data/questionBanks/class10/science/acidsBasesSalts.pack2.ts:1496,which of the following is a strong acid
CC-E01,CNC2-026,control-and-coordination,control-and-coordination,bank,bank,exact,same-chapter,1.00,lazytopper/src/data/questionBanks/class10/science/controlAndCoordination.pack1.ts:4,lazytopper/src/data/questionBanks/class10/science/controlAndCoordination.pack2.ts:715,the functional unit of the nervous system is
REP-E03,REP2-029,how-do-organisms-reproduce,how-do-organisms-reproduce,bank,bank,exact,same-chapter,1.00,lazytopper/src/data/questionBanks/class10/science/reproduction.pack1.ts:18,lazytopper/src/data/questionBanks/class10/science/reproduction.pack2.ts:830,the male reproductive part of a flower is
REP2-001,REP2-049,how-do-organisms-reproduce,how-do-organisms-reproduce,bank,bank,exact,same-chapter,1.00,lazytopper/src/data/questionBanks/class10/science/reproduction.pack2.ts:5,lazytopper/src/data/questionBanks/class10/science/reproduction.pack2.ts:1465,which of the following is an example of asexual reproduction
LT-E04,LT2-049,light-reflection-and-refraction,light-reflection-and-refraction,bank,bank,exact,same-chapter,1.00,lazytopper/src/data/questionBanks/class10/science/light.pack1.ts:25,lazytopper/src/data/questionBanks/class10/science/light.pack2.ts:1397,the image formed by a plane mirror is
LT-E04,2026-LIGHT-MCQ-01,light-reflection-and-refraction,Light,bank,predicted,exact,same-chapter,1.00,lazytopper/src/data/questionBanks/class10/science/light.pack1.ts:25,lazytopper/src/data/predictedQuestionsScience.ts:993,the image formed by a plane mirror is
HEC2-003,SCQ-S-EYE-023,human-eye-and-colourful-world,human-eye-and-colourful-world,bank,bank,exact,same-chapter,1.00,lazytopper/src/data/questionBanks/class10/science/humanEyeAndColourfulWorld.pack2.ts:65,lazytopper/src/data/questionBanks/class10/science/human-eye-and-colourful-world.chapterwise.ts:188,which part of the eye controls the amount of light entering the eye
EL-E01,2026-EL-MCQ-01,electricity,Electricity,bank,predicted,exact,same-chapter,1.00,lazytopper/src/data/questionBanks/class10/science/electricity.pack1.ts:4,lazytopper/src/data/predictedQuestionsScience.ts:1435,the si unit of electric current is
EL-E05,EL2-056,electricity,electricity,bank,bank,exact,same-chapter,1.00,lazytopper/src/data/questionBanks/class10/science/electricity.pack1.ts:32,lazytopper/src/data/questionBanks/class10/science/electricity.pack2.ts:1459,the commercial unit of electrical energy is
EL2-031,EL2-052,electricity,electricity,bank,bank,exact,same-chapter,1.00,lazytopper/src/data/questionBanks/class10/science/electricity.pack2.ts:739,lazytopper/src/data/questionBanks/class10/science/electricity.pack2.ts:1377,the si unit of electrical resistance is
BX-POLY-EX-A-006,LIGHT-EXMPLR-9-MCQ-008,polynomials,light-reflection-and-refraction,bank,bank,exact,cross-chapter,1.00,lazytopper/src/data/questionBanks/class10/maths/polynomials.expand.extract.ts:54,lazytopper/src/data/questionBanks/class10/science/light.exemplar.ts:75,which of the following statements is true
BX-POLY-EX-A-006,TRIG-N-NCERT-8-MCQ-001,polynomials,trigonometry,bank,bank,exact,cross-chapter,1.00,lazytopper/src/data/questionBanks/class10/maths/polynomials.expand.extract.ts:54,lazytopper/src/data/questionBanks/class10/maths/trigonometry.ncert.ts:90,which of the following statements is true
METAL-EXMPLR-3-MCQ-013,SCO-S-METAL-006,metals-and-non-metals,metals-and-non-metals,bank,bank,exact,same-chapter,1.00,lazytopper/src/data/questionBanks/class10/science/metalsNonMetals.exemplar.ts:84,lazytopper/src/data/questionBanks/class10/science/metals-and-non-metals.chapterwise.ts:52,silver articles become black on prolonged exposure to air this is due to the formation of
CARB-EXMPLR-4-MCQ-015,SCO-S-CARB-019,carbon-and-its-compounds,carbon-and-its-compounds,bank,bank,exact,same-chapter,1.00,lazytopper/src/data/questionBanks/class10/science/carbonCompounds.exemplar.ts:97,lazytopper/src/data/questionBanks/class10/science/carbon-and-its-compounds.chapterwise.ts:160,pentane has the molecular formula c5h12 it has
CARB-EXMPLR-4-MCQ-025,SP-S-2023-CARB-A-001,carbon-and-its-compounds,carbon-and-its-compounds,bank,bank,exact,same-chapter,1.00,lazytopper/src/data/questionBanks/class10/science/carbonCompounds.exemplar.ts:162,lazytopper/src/data/questionBanks/class10/science/carbon-and-its-compounds.sp.ts:99,which of the following does not belong to the same homologous series
QE-N-EXMPLR-4-MCQ-006,CBE-M-QE-A-003,quadratic-equations,quadratic-equations,bank,bank,exact,same-chapter,1.00,lazytopper/src/data/questionBanks/class10/maths/quadraticEquations.exemplar.ts:58,lazytopper/src/data/questionBanks/class10/maths/quadratic-equations.cbe.ts:65,the values of k for which the quadratic equation 2x2 − kx + k = 0 has equal roots are
CG-N-NCERT-7-EX-009,PYQ-M-2025-CG-005,coordinate-geometry,coordinate-geometry,bank,bank,exact,same-chapter,1.00,lazytopper/src/data/questionBanks/class10/maths/coordinateGeometry.ncert.ts:76,lazytopper/src/data/questionBanks/class10/maths/coordinate-geometry.pyq2025.ts:44,find the ratio in which the y-axis divides the line segment joining the points 5 −6 and −1 −4 also find the point of intersection
TRIG-N-NCERT-8-MCQ-004,SQP-M-TRIG-002,trigonometry,trigonometry,bank,bank,exact,same-chapter,1.00,lazytopper/src/data/questionBanks/class10/maths/trigonometry.ncert.ts:216,lazytopper/src/data/questionBanks/class10/maths/trigonometry.sqp.ts:38,sec a + tan a 1 − sin a equals
CIRC-N-NCERT-10-SA-004,CIR-PRF-D-003,circles,circles,bank,bank,exact,same-chapter,1.00,lazytopper/src/data/questionBanks/class10/maths/circles.ncert.ts:113,lazytopper/src/data/questionBanks/class10/maths/circles.proof.ts:106,a quadrilateral abcd is drawn to circumscribe a circle prove that ab + cd = ad + bc
CIRC-N-NCERT-10-SA-005,CIR-PRF-D-004,circles,circles,bank,bank,exact,same-chapter,1.00,lazytopper/src/data/questionBanks/class10/maths/circles.ncert.ts:120,lazytopper/src/data/questionBanks/class10/maths/circles.proof.ts:142,two tangents tp and tq are drawn to a circle with centre o from an external point t prove that ∠ptq = 2∠opq
CIRC-N-NCERT-10-LA-002,CIR-PRF-C-005,circles,circles,bank,bank,exact,same-chapter,1.00,lazytopper/src/data/questionBanks/class10/maths/circles.ncert.ts:134,lazytopper/src/data/questionBanks/class10/maths/circles.proof.ts:360,prove that the parallelogram circumscribing a circle is a rhombus
PROB-N-NCERT-14-MCQ-001,PROB-N-EXEM-14-MCQ-002,probability,probability,bank,bank,exact,same-chapter,1.00,lazytopper/src/data/questionBanks/class10/maths/probability.ncert.ts:12,lazytopper/src/data/questionBanks/class10/maths/probability.exemplar.ts:20,which of the following cannot be the probability of an event
PROB-N-NCERT-14-MCQ-001,CBE-M-PROB-A-005,probability,probability,bank,bank,exact,same-chapter,1.00,lazytopper/src/data/questionBanks/class10/maths/probability.ncert.ts:12,lazytopper/src/data/questionBanks/class10/maths/probability.cbe.ts:104,which of the following cannot be the probability of an event
BX-TRI-EX-A-003,LTG-M-TRI-003,triangles,triangles,bank,bank,exact,same-chapter,1.00,lazytopper/src/data/questionBanks/class10/maths/triangles.expand.extract.ts:59,lazytopper/src/data/questionBanks/class10/maths/triangles.ltgen.ts:66,which of the following statements is false
SQP-M-RN-002,rn-hpq-4,real-numbers,Real Numbers,bank,hpq,exact,same-chapter,1.00,lazytopper/src/data/questionBanks/class10/maths/real-numbers.sqp.ts:36,lazytopper/src/data/highlyProbableQuestions.ts:1189,prove that √2 is an irrational number
PYQ-M-CIRC-012,PYQ-M-2024-CIRC-008b,circles,circles,bank,bank,exact,same-chapter,1.00,lazytopper/src/data/questionBanks/class10/maths/circles.pyq.ts:98,lazytopper/src/data/questionBanks/class10/maths/circles.pyq2024.ts:80,prove that the tangents drawn at the ends of a diameter of a circle are parallel
PYQ-M-CIRC-012,PYQ-M-2025-CIRC-004,circles,circles,bank,bank,exact,same-chapter,1.00,lazytopper/src/data/questionBanks/class10/maths/circles.pyq.ts:98,lazytopper/src/data/questionBanks/class10/maths/circles.pyq2025.ts:33,prove that the tangents drawn at the ends of a diameter of a circle are parallel
FND-L-SPM-023,FND-L-WSF-08,light-reflection-and-refraction,light-reflection-and-refraction,bank,bank,exact,same-chapter,1.00,lazytopper/src/data/questionBanks/class10/science/light-reflection-and-refraction.fnd.ts:1300,lazytopper/src/data/questionBanks/class10/science/light-reflection-and-refraction.fnd.ts:1888,choose the incorrect statement
FND-L-SPM-027,FND-L-WSF-07,light-reflection-and-refraction,light-reflection-and-refraction,bank,bank,exact,same-chapter,1.00,lazytopper/src/data/questionBanks/class10/science/light-reflection-and-refraction.fnd.ts:1328,lazytopper/src/data/questionBanks/class10/science/light-reflection-and-refraction.fnd.ts:1879,choose the correct statement
sci-mnm-comp-01,sci-metals-comp-02,Metals & Non-metals,Metals & Non-metals,hpq,hpq,exact,same-chapter,1.00,lazytopper/src/data/hpqCompetencyAdditions.ts:322,lazytopper/src/data/hpqCompetencyAdditions.ts:1147,assertion–reason refer to assertion and reason below assertion copper does not react with dilute hydrochloric acid reason copper is placed b
CBE-M-PROB-A-005,PROB-N-EXEM-14-MCQ-002,probability,probability,bank,bank,near,same-chapter,1.00,lazytopper/src/data/questionBanks/class10/maths/probability.cbe.ts:104,lazytopper/src/data/questionBanks/class10/maths/probability.exemplar.ts:20,which of the following cannot be the probability of an event
QE-N-EXMPLR-4-MCQ-001,QE2-051,quadratic-equations,quadratic-equations,bank,bank,near,same-chapter,1.00,lazytopper/src/data/questionBanks/class10/maths/quadraticEquations.exemplar.ts:10,lazytopper/src/data/questionBanks/class10/maths/quadraticEquations.pack2.ts:1306,which of the following is a quadratic equation
QE-N-NCERT-4-MCQ-001,QE2-001,quadratic-equations,quadratic-equations,bank,bank,near,same-chapter,1.00,lazytopper/src/data/questionBanks/class10/maths/quadraticEquations.ncert.ts:10,lazytopper/src/data/questionBanks/class10/maths/quadraticEquations.pack2.ts:5,which of the following is a quadratic equation
QE-N-EXMPLR-4-MCQ-001,QE2-001,quadratic-equations,quadratic-equations,bank,bank,near,same-chapter,1.00,lazytopper/src/data/questionBanks/class10/maths/quadraticEquations.exemplar.ts:10,lazytopper/src/data/questionBanks/class10/maths/quadraticEquations.pack2.ts:5,which of the following is a quadratic equation
QE-N-EXMPLR-4-MCQ-001,QE-N-NCERT-4-MCQ-001,quadratic-equations,quadratic-equations,bank,bank,near,same-chapter,1.00,lazytopper/src/data/questionBanks/class10/maths/quadraticEquations.exemplar.ts:10,lazytopper/src/data/questionBanks/class10/maths/quadraticEquations.ncert.ts:10,which of the following is a quadratic equation
PYQ-M-2024-CIRC-008b,PYQ-M-2025-CIRC-004,circles,circles,bank,bank,near,same-chapter,1.00,lazytopper/src/data/questionBanks/class10/maths/circles.pyq2024.ts:80,lazytopper/src/data/questionBanks/class10/maths/circles.pyq2025.ts:33,prove that the tangents drawn at the ends of a diameter of a circle are parallel
QE2-001,QE2-051,quadratic-equations,quadratic-equations,bank,bank,near,same-chapter,1.00,lazytopper/src/data/questionBanks/class10/maths/quadraticEquations.pack2.ts:5,lazytopper/src/data/questionBanks/class10/maths/quadraticEquations.pack2.ts:1306,which of the following is a quadratic equation
QE-N-NCERT-4-MCQ-001,QE2-051,quadratic-equations,quadratic-equations,bank,bank,near,same-chapter,1.00,lazytopper/src/data/questionBanks/class10/maths/quadraticEquations.ncert.ts:10,lazytopper/src/data/questionBanks/class10/maths/quadraticEquations.pack2.ts:1306,which of the following is a quadratic equation
2026-LIGHT-MCQ-01,LT2-049,light-reflection-and-refraction,light-reflection-and-refraction,predicted,bank,near,same-chapter,1.00,lazytopper/src/data/predictedQuestionsScience.ts:993,lazytopper/src/data/questionBanks/class10/science/light.pack2.ts:1397,the image formed by a plane mirror is
