id,phase,surface,chapter,file_line,flags,confidence,correct_answer,detail
2026-PLE-SA-03,C1,predicted,Pair of Linear Equations,lazytopper/src/data/predictedQuestions.ts:166,wrong-key,high,"x = 23/7, y = 13/7","Key x=3,y=2 fails 3x−y=8 (gives 7). Substitution: 7y=13 ⇒ y=13/7, x=23/7."
2026-AP-SA-02,C1,predicted,Arithmetic Progression,lazytopper/src/data/predictedQuestions.ts:348,wrong-key;ambiguous-stem,high,No integer n exists (S9=153; S10=185),"Sₙ=n(3n+7)/2=155 gives 3n²+7n−310=0, D=3769 not a perfect square; key '10 terms' gives 185."
2026-PLE-CASE-06,C1,predicted,Pair of Linear Equations,lazytopper/src/data/predictedQuestions.ts:794,wrong-key,high,"x = 100 samosas, y = 20 idlis","Key x=60,y=60 gives ₹900 not ₹1020; stored steps themselves correctly reach x=100, y=20."
2026-QE-CASE-12,C1,predicted,Quadratic Equations,lazytopper/src/data/predictedQuestions.ts:1767,wrong-key,high,4x²−140x+476=0; x≈3.82 m,"x=(35−√749)/2=3.8160, which rounds to 3.82, not stored '3.81'."
2026-SAV-CASE-09,C1,predicted,Surface Areas and Volumes,lazytopper/src/data/predictedQuestions.ts:2586,wrong-key;wrong-steps;ambiguous-stem,high,"≈ ₹13,000 (π=3.14) or ₹13,011 (π=22/7)","34.5π × 120 = ₹12,999.6 at π=3.14; ₹13,020 matches no value of π. Stem gives no π, and the last step never computes the cost."
2026-EL-CASE-06,C1,predicted,Electricity,lazytopper/src/data/predictedQuestionsScience.ts:1554,wrong-key,medium,,"Key correct, but stored_finalAnswer is truncated mid-(iii) at ""prevent"" and omits (iv)."
2026-MG-CS-01,C1,predicted,MagneticEffects,lazytopper/src/data/predictedQuestionsScience.ts:1831,wrong-key;wrong-steps,high,,"stored_key right, but finalAnswer and steps describe electric bell mechanism; never answer why electromagnets preferred or safety precautions."
2026-AB-SA-06,C1,predicted,AcidsBasesSalts,lazytopper/src/data/predictedQuestionsScience.ts:2053,ambiguous-stem;wrong-key,medium,,"Premise flawed: strong acid diluted to pH≈7 has negligible H+; key claim ""corrosive species still present"" is chemically incorrect."
2026-AB-CS-02,C1,predicted,AcidsBasesSalts,lazytopper/src/data/predictedQuestionsScience.ts:2077,wrong-key;wrong-steps,high,,"finalAnswer says ""Question text is missing""; steps cover common salt and bleaching powder, omit POP formula/use and part (c)."
2026-MN-CS-02,C1,predicted,MetalsNonMetals,lazytopper/src/data/predictedQuestionsScience.ts:2134,wrong-key;wrong-steps,high,,"finalAnswer says ""Question text is missing""; steps generic and list painting though stem says other than painting."
2026-CCN-CS-02,C1,predicted,ControlAndCoordination,lazytopper/src/data/predictedQuestionsScience.ts:2249,wrong-key;wrong-steps,high,,"finalAnswer/steps answer a different question (phototropism, growth hormone, goitre); not two plant hormones, long-term changes or careful use."
qe-hpq-104,C1,hpq,Quadratic Equations,lazytopper/src/data/highlyProbableQuestions.ts:245,wrong-key,medium,"9 and 11, or -11 and -9","Stem does not say positive; -11 and -9 also satisfy product 99, step arbitrarily discards them."
lp-hpq-105,C1,hpq,Life Processes,lazytopper/src/data/highlyProbableQuestions.ts:1015,wrong-key,high,(c) Light is necessary for photosynthesis (starch formation),"Key (c) says ""Chlorophyll and light are necessary""; black-paper experiment tests only light. Steps correctly say light."
SCQ-S-CARB-038,C2,bank,carbon-and-its-compounds,lazytopper/src/data/questionBanks/class10/science/carbon-and-its-compounds.chapterwise.ts:278,wrong-key,high,"5 isomers (n-hexane, 2-/3-methylpentane, 2,2-/2,3-dimethylbutane)","stored_key is garbled extraction text: ""i. ii. Chap 4 : Carbon and Its Compounds iii. iv. v. Check Anser"". Steps are correct."
PYQ-S-2026-CHEMRXN-008,C2,bank,chemical-reactions-and-equations,lazytopper/src/data/questionBanks/class10/science/chemicalReactions.pyq2026.ts:69,wrong-key,medium,"(a) law of conservation of mass; (b) oxidising O2, reducing Na",Key/finalAnswer contain only part (b); part (a) missing from key (present in steps).
PYQ-S-2026-CTRL-009,C2,bank,control-and-coordination,lazytopper/src/data/questionBanks/class10/science/controlCoordination.pyq2026.ts:76,wrong-key,medium,Hormones: chemical messengers from endocrine glands; insulin regulates blood sugar; adrenaline prepares body for emergency,Key/finalAnswer contain only part (ii); definition and insulin function missing from key.
CNC2-020,C2,bank,control-and-coordination,lazytopper/src/data/questionBanks/class10/science/controlAndCoordination.pack2.ts:547,wrong-key;ambiguous-stem,medium,(i) gibberellins promote cell elongation/fruit enlargement; (iii) abscisic acid (growth inhibitor) or cytokinins,"Key says gibberellins ""promote cell division"" (that is cytokinin); ethylene for height control not NCERT; only 3 parts for 4 marks."
CNC2-048,C2,bank,control-and-coordination,lazytopper/src/data/questionBanks/class10/science/controlAndCoordination.pack2.ts:1340,wrong-key;wrong-steps,medium,,"Key says ""Pancreas detects high blood glucose (via sensor neurons)"" — pancreas senses glucose directly; steps are instructions incl. ""Use diagrams if helpful""."
